<?xml version='1.0' ?>
<?xml-stylesheet type="text/css" href="style.css"?>
<!-- Debut du fichier XML -->
<racine>
	<titre>
		Projet DSB
	</titre>
	<description>
		1er jeu de données :
		<URL>
			https://www.defense.gouv.fr/
		</URL>
		<!-- On y ajoute un jeu de données -->
	</description>
	<corps>
		<Equipage CrewTag="543" Effectif="1"/>
		<Vehicule  VehTag="645" Sieges="2" Reservoir="100"/>
		<assigner  CrewTag="543" VehTag="645"/>
	</corps>

	<description>
		2e jeu de données :
		<URL>
			https://www.gouvernement.fr/le-ministere-des-armees
		</URL>
	</description>
	<corps>
		<Equipage  CrewTag="87" Effectif="6"/>
		<Vehicule  VehTag="785" Sieges="6" Reservoir="68"/>
		<assigner  CrewTag="785" VehTag="87"/>
	</corps>
	
	<description>
		3e jeu de données :
	</description>
	<corps>
		<Equipage CrewTag="12" Effectif="8"/>
		<Vehicule  VehTag="7" Sieges="4" Reservoir="80"/>
	</corps>
</racine>
